<?xml version="1.0"?>
<config xmlns:xsi="http://www.w3.org/2001/XMLSchema-instance"
        xsi:noNamespaceSchemaLocation="urn:magento:framework:Acl/etc/acl.xsd">
    <acl>
        <resources>
            <resource id="Magento_Backend::admin">
                <resource id="Swissup_Core::swissup">
                    <resource id="Swissup_Navigationpro::navigationpro" title="NavigationPro" sortOrder="1410">
                        <resource id="Swissup_Navigationpro::menu_index" title="Manage Menus" sortOrder="10">
                            <resource id="Swissup_Navigationpro::menu_edit" title="View Menu" sortOrder="15"/>
                            <resource id="Swissup_Navigationpro::menu_save" title="Save Menu" sortOrder="20"/>
                            <resource id="Swissup_Navigationpro::menu_delete" title="Delete Menu" sortOrder="30"/>
                        </resource>
                        <resource id="Swissup_Navigationpro::item_index" title="Manage Items" sortOrder="20">
                            <resource id="Swissup_Navigationpro::item_save" title="Save Item" sortOrder="20"/>
                            <resource id="Swissup_Navigationpro::item_delete" title="Delete Item" sortOrder="30"/>
                        </resource>
                    </resource>
                </resource>
                <resource id="Magento_Backend::stores">
                    <resource id="Magento_Backend::stores_settings">
                        <resource id="Magento_Config::config">
                            <resource id="Swissup_Core::swissup_config">
                                <resource id="Swissup_Navigationpro::config_navigationpro" title="NavigationPro" sortOrder="1410"/>
                            </resource>
                        </resource>
                    </resource>
                </resource>
            </resource>
        </resources>
    </acl>
</config>
